site,Total Accretion (cm),Mean Accretion (cm/yr),Mean OM%,Mean OM Density (mg/cm3),Mean BD (g/cm3),C_Seq (g/m2/yr),OC Density (mg/cm3),IM(%),IM Density (mg/cm3),Necromass (Mg/ha),Root Necromass (Mg/ha),Root Necromass Projected Up to 40 cm (Mg/ha)
Shark River,27.144336875946273,0.27144336875946273,31.003421609569706,100.08922469248587,0.325334398906859,116.05941694109781,41.833829830453475,68.9965896249015,225.24517421437307,253.9277635699766,107.77616638900037,187.52504670370058
Rookery Bay,15.590895045116909,0.1559089504511691,47.167243747002914,104.788587598298,0.223230154163684,74.16788860160322,45.989382178822915,52.83277127770161,118.44156656538595,156.34575714696564,39.17590706322376,147.40081333453566
Taylor Slough,20.87400034413505,0.20874000344135052,67.07240334251418,107.47953918894073,0.16476328339506627,129.6703511870536,49.27569631347709,32.92761841567697,57.28374420612555,191.14198715693473,149.7745715791647,317.42251511095685
