Site,b0,bi,c0,c1,c2,c3,c4,e,fc1,fc2,fc3,ka,kb,kc,cr,ke,kl,km,kr,LP,R0,si,WP
Shark River,0.11,2.5,0.16,0.1,0.29,0.1315,0.34,0.01,0.287,0.182,0.1964,0.9,0.58,0.0109,0.06,0.4,0.0039,0.0425,0.13,0.0926,0.0083,0.065,0.0088
Rookery Bay,0.11,2.5,0.16,0.1,0.29,0.1315,0.34,0.01,0.274,0.1564,0.294,0.9,0.58,0.0109,0.05,0.4,0.0039,0.0425,0.11,0.0723,0.00541,0.0216,0.008
Taylor Slough,0.11,2.5,0.16,0.1,0.29,0.1315,0.34,0.01,0.4837,0.1888,0.2839,0.9,0.482,0.0109,0.007,0.4,0.0039,0.0425,0.12,0.02934,0.01958711,0.0128,0.00095
